,energy_consumption_w,upload_speed_mbps,score
count,10000.0,10000.0,9800.0
min,0.0,0.0,0.07812790087174473
max,79.997742,24.997177,0.31247353206544254
range,79.997742,24.997177,0.2343456311936978
mean,70.6218658169,14.777332267,0.20493255288159104
median,71.8992505,14.8740625,0.20936227448076855
mode,0.0,0.0,0.07812790087174473
std,11.077454082515986,6.094005343199797,0.06740104338109648
